{
  "datasets": [
    {
      "name": "aca6691f",
      "displayName": "gold_retail_data",
      "queryLines": [
        "SELECT * FROM b2bdatahub_catalog_dev.pysparkproject.gold_retail_data"
      ],
      "catalog": "b2bdatahub_catalog_dev",
      "schema": "pysparkproject"
    }
  ],
  "pages": [
    {
      "name": "83cf76f1",
      "displayName": "Untitled page",
      "layout": [
        {
          "widget": {
            "name": "997f67c4",
            "multilineTextboxSpec": {
              "lines": [
                "# Sales Analysis Report"
              ]
            }
          },
          "position": {
            "x": 0,
            "y": 5,
            "width": 6,
            "height": 2
          }
        },
        {
          "widget": {
            "name": "286d6e90",
            "queries": [
              {
                "name": "main_query",
                "query": {
                  "datasetName": "aca6691f",
                  "fields": [
                    {
                      "name": "sum(total_sales)",
                      "expression": "SUM(`total_sales`)"
                    },
                    {
                      "name": "category",
                      "expression": "`category`"
                    }
                  ],
                  "disaggregated": false
                }
              }
            ],
            "spec": {
              "version": 3,
              "widgetType": "pie",
              "encodings": {
                "angle": {
                  "fieldName": "sum(total_sales)",
                  "scale": {
                    "type": "quantitative"
                  }
                },
                "color": {
                  "fieldName": "category",
                  "legend": {
                    "hideTitle": false,
                    "hide": false
                  },
                  "scale": {
                    "type": "categorical",
                    "sort": {
                      "by": "angle-reversed"
                    }
                  }
                },
                "label": {
                  "show": true
                }
              },
              "frame": {
                "showTitle": true,
                "title": "Total Sales by Category",
                "showDescription": false
              }
            }
          },
          "position": {
            "x": 0,
            "y": 0,
            "width": 2,
            "height": 5
          }
        },
        {
          "widget": {
            "name": "2dfb52bb",
            "queries": [
              {
                "name": "main_query",
                "query": {
                  "datasetName": "aca6691f",
                  "fields": [
                    {
                      "name": "month",
                      "expression": "`month`"
                    },
                    {
                      "name": "sum(total_sales)",
                      "expression": "SUM(`total_sales`)"
                    }
                  ],
                  "disaggregated": false
                }
              }
            ],
            "spec": {
              "version": 3,
              "widgetType": "bar",
              "encodings": {
                "x": {
                  "fieldName": "month",
                  "scale": {
                    "type": "categorical"
                  }
                },
                "y": {
                  "fieldName": "sum(total_sales)",
                  "scale": {
                    "type": "quantitative"
                  }
                },
                "label": {
                  "show": true
                }
              },
              "frame": {
                "showTitle": true,
                "title": "Total Sales by Month"
              },
              "mark": {
                "colors": [
                  "#3EB397",
                  {
                    "themeColorType": "visualizationColors",
                    "position": 2
                  },
                  {
                    "themeColorType": "visualizationColors",
                    "position": 3
                  },
                  {
                    "themeColorType": "visualizationColors",
                    "position": 4
                  },
                  {
                    "themeColorType": "visualizationColors",
                    "position": 5
                  },
                  {
                    "themeColorType": "visualizationColors",
                    "position": 6
                  },
                  {
                    "themeColorType": "visualizationColors",
                    "position": 7
                  },
                  {
                    "themeColorType": "visualizationColors",
                    "position": 8
                  },
                  {
                    "themeColorType": "visualizationColors",
                    "position": 9
                  },
                  {
                    "themeColorType": "visualizationColors",
                    "position": 10
                  }
                ]
              }
            }
          },
          "position": {
            "x": 0,
            "y": 7,
            "width": 2,
            "height": 6
          }
        },
        {
          "widget": {
            "name": "dc0dfb6e",
            "queries": [
              {
                "name": "main_query",
                "query": {
                  "datasetName": "aca6691f",
                  "fields": [
                    {
                      "name": "loyalty_tier",
                      "expression": "`loyalty_tier`"
                    },
                    {
                      "name": "sum(avg_price_per_item)",
                      "expression": "SUM(`avg_price_per_item`)"
                    }
                  ],
                  "disaggregated": false
                }
              }
            ],
            "spec": {
              "version": 3,
              "widgetType": "bar",
              "encodings": {
                "x": {
                  "fieldName": "loyalty_tier",
                  "scale": {
                    "type": "categorical"
                  }
                },
                "y": {
                  "fieldName": "sum(avg_price_per_item)",
                  "scale": {
                    "type": "quantitative"
                  }
                },
                "label": {
                  "show": true
                }
              },
              "frame": {
                "showTitle": true,
                "title": "Average Price per Item By Loyalty Tier"
              },
              "mark": {
                "colors": [
                  "#5BD1F5",
                  {
                    "themeColorType": "visualizationColors",
                    "position": 2
                  },
                  {
                    "themeColorType": "visualizationColors",
                    "position": 3
                  },
                  {
                    "themeColorType": "visualizationColors",
                    "position": 4
                  },
                  {
                    "themeColorType": "visualizationColors",
                    "position": 5
                  },
                  {
                    "themeColorType": "visualizationColors",
                    "position": 6
                  },
                  {
                    "themeColorType": "visualizationColors",
                    "position": 7
                  },
                  {
                    "themeColorType": "visualizationColors",
                    "position": 8
                  },
                  {
                    "themeColorType": "visualizationColors",
                    "position": 9
                  },
                  {
                    "themeColorType": "visualizationColors",
                    "position": 10
                  }
                ]
              }
            }
          },
          "position": {
            "x": 2,
            "y": 0,
            "width": 3,
            "height": 5
          }
        },
        {
          "widget": {
            "name": "b6cf7e98",
            "queries": [
              {
                "name": "main_query",
                "query": {
                  "datasetName": "aca6691f",
                  "fields": [
                    {
                      "name": "month",
                      "expression": "`month`"
                    }
                  ],
                  "disaggregated": false
                }
              }
            ],
            "spec": {
              "version": 3,
              "widgetType": "bar",
              "encodings": {
                "x": {
                  "fieldName": "month",
                  "scale": {
                    "type": "categorical"
                  }
                }
              },
              "mark": {
                "colors": [
                  "#E9A4A4",
                  {
                    "themeColorType": "visualizationColors",
                    "position": 2
                  },
                  {
                    "themeColorType": "visualizationColors",
                    "position": 3
                  },
                  {
                    "themeColorType": "visualizationColors",
                    "position": 4
                  },
                  {
                    "themeColorType": "visualizationColors",
                    "position": 5
                  },
                  {
                    "themeColorType": "visualizationColors",
                    "position": 6
                  },
                  {
                    "themeColorType": "visualizationColors",
                    "position": 7
                  },
                  {
                    "themeColorType": "visualizationColors",
                    "position": 8
                  },
                  {
                    "themeColorType": "visualizationColors",
                    "position": 9
                  },
                  {
                    "themeColorType": "visualizationColors",
                    "position": 10
                  }
                ]
              }
            }
          },
          "position": {
            "x": 5,
            "y": 0,
            "width": 1,
            "height": 3
          }
        },
        {
          "widget": {
            "name": "2566a51c",
            "queries": [
              {
                "name": "main_query",
                "query": {
                  "datasetName": "aca6691f",
                  "fields": [
                    {
                      "name": "city",
                      "expression": "`city`"
                    },
                    {
                      "name": "sum(avg_order_value)",
                      "expression": "SUM(`avg_order_value`)"
                    }
                  ],
                  "disaggregated": false
                }
              }
            ],
            "spec": {
              "version": 3,
              "widgetType": "bar",
              "encodings": {
                "x": {
                  "fieldName": "city",
                  "scale": {
                    "type": "categorical"
                  }
                },
                "y": {
                  "fieldName": "sum(avg_order_value)",
                  "scale": {
                    "type": "quantitative"
                  }
                },
                "label": {
                  "show": true
                }
              },
              "frame": {
                "showTitle": true,
                "title": "Average Order Per City",
                "headerAlignment": "center"
              },
              "mark": {
                "colors": [
                  {
                    "themeColorType": "visualizationColors",
                    "position": 2
                  },
                  {
                    "themeColorType": "visualizationColors",
                    "position": 2
                  },
                  {
                    "themeColorType": "visualizationColors",
                    "position": 3
                  },
                  {
                    "themeColorType": "visualizationColors",
                    "position": 4
                  },
                  {
                    "themeColorType": "visualizationColors",
                    "position": 5
                  },
                  {
                    "themeColorType": "visualizationColors",
                    "position": 6
                  },
                  {
                    "themeColorType": "visualizationColors",
                    "position": 7
                  },
                  {
                    "themeColorType": "visualizationColors",
                    "position": 8
                  },
                  {
                    "themeColorType": "visualizationColors",
                    "position": 9
                  },
                  {
                    "themeColorType": "visualizationColors",
                    "position": 10
                  }
                ]
              }
            }
          },
          "position": {
            "x": 0,
            "y": 13,
            "width": 6,
            "height": 7
          }
        },
        {
          "widget": {
            "name": "07117b13",
            "queries": [
              {
                "name": "main_query",
                "query": {
                  "datasetName": "aca6691f",
                  "fields": [
                    {
                      "name": "year",
                      "expression": "`year`"
                    }
                  ],
                  "disaggregated": true
                }
              }
            ],
            "spec": {
              "version": 2,
              "widgetType": "counter",
              "encodings": {
                "value": {
                  "fieldName": "year"
                }
              }
            }
          },
          "position": {
            "x": 5,
            "y": 3,
            "width": 1,
            "height": 2
          }
        },
        {
          "widget": {
            "name": "26a688b8",
            "queries": [
              {
                "name": "main_query",
                "query": {
                  "datasetName": "aca6691f",
                  "fields": [
                    {
                      "name": "month",
                      "expression": "`month`"
                    },
                    {
                      "name": "sum(total_quantity)",
                      "expression": "SUM(`total_quantity`)"
                    }
                  ],
                  "disaggregated": false
                }
              }
            ],
            "spec": {
              "version": 3,
              "widgetType": "bar",
              "encodings": {
                "x": {
                  "fieldName": "month",
                  "scale": {
                    "type": "categorical"
                  }
                },
                "y": {
                  "fieldName": "sum(total_quantity)",
                  "scale": {
                    "type": "quantitative"
                  }
                },
                "label": {
                  "show": true
                }
              }
            }
          },
          "position": {
            "x": 4,
            "y": 7,
            "width": 2,
            "height": 6
          }
        },
        {
          "widget": {
            "name": "b6a3420e",
            "queries": [
              {
                "name": "main_query",
                "query": {
                  "datasetName": "aca6691f",
                  "fields": [
                    {
                      "name": "sum(avg_price)",
                      "expression": "SUM(`avg_price`)"
                    },
                    {
                      "name": "month",
                      "expression": "`month`"
                    }
                  ],
                  "disaggregated": false
                }
              }
            ],
            "spec": {
              "version": 3,
              "widgetType": "pie",
              "encodings": {
                "angle": {
                  "fieldName": "sum(avg_price)",
                  "scale": {
                    "type": "quantitative"
                  }
                },
                "color": {
                  "fieldName": "month",
                  "scale": {
                    "type": "quantitative"
                  }
                },
                "label": {
                  "show": true
                }
              }
            }
          },
          "position": {
            "x": 2,
            "y": 7,
            "width": 2,
            "height": 6
          }
        },
        {
          "widget": {
            "name": "70c59c24",
            "queries": [
              {
                "name": "main_query",
                "query": {
                  "datasetName": "aca6691f",
                  "fields": [
                    {
                      "name": "gender",
                      "expression": "`gender`"
                    },
                    {
                      "name": "sum(avg_order_value)",
                      "expression": "SUM(`avg_order_value`)"
                    }
                  ],
                  "disaggregated": false
                }
              }
            ],
            "spec": {
              "version": 3,
              "widgetType": "bar",
              "encodings": {
                "x": {
                  "fieldName": "gender",
                  "scale": {
                    "type": "categorical"
                  }
                },
                "y": {
                  "fieldName": "sum(avg_order_value)",
                  "scale": {
                    "type": "quantitative"
                  }
                },
                "label": {
                  "show": true
                }
              }
            }
          },
          "position": {
            "x": 0,
            "y": 20,
            "width": 3,
            "height": 6
          }
        },
        {
          "widget": {
            "name": "99a8644b",
            "queries": [
              {
                "name": "main_query",
                "query": {
                  "datasetName": "aca6691f",
                  "fields": [
                    {
                      "name": "age",
                      "expression": "`age`"
                    },
                    {
                      "name": "sum(avg_order_value)",
                      "expression": "SUM(`avg_order_value`)"
                    }
                  ],
                  "disaggregated": false
                }
              }
            ],
            "spec": {
              "version": 3,
              "widgetType": "bar",
              "encodings": {
                "x": {
                  "fieldName": "age",
                  "scale": {
                    "type": "categorical"
                  }
                },
                "y": {
                  "fieldName": "sum(avg_order_value)",
                  "scale": {
                    "type": "quantitative"
                  }
                },
                "label": {
                  "show": true
                }
              }
            }
          },
          "position": {
            "x": 3,
            "y": 20,
            "width": 3,
            "height": 6
          }
        }
      ],
      "pageType": "PAGE_TYPE_CANVAS"
    }
  ],
  "uiSettings": {
    "theme": {
      "widgetHeaderAlignment": "ALIGNMENT_UNSPECIFIED"
    },
    "applyModeEnabled": false
  }
}
